{
  "project_info": {
    "project_number": "445780817702",
    "project_id": "daiyoung-e49fb",
    "storage_bucket": "daiyoung-e49fb.firebasestorage.app"
  },
  "client": [
    {
      "client_info": {
        "mobilesdk_app_id": "1:445780817702:android:4960566daf491a21eab3e7",
        "android_client_info": {
          "package_name": "com.example.daiyoung"
        }
      },
      "oauth_client": [],
      "api_key": [
        {
          "current_key": "AIzaSyDD9SKZHl6N7T7I0MUqWw5UBOTe6eDkl24"
        }
      ],
      "services": {
        "appinvite_service": {
          "other_platform_oauth_client": []
        }
      }
    }
  ],
  "configuration_version": "1"
}